{
    "data":
    [
        {
            "id": 0,
            "name": "test1",
            "type": "video",
            "path": "http://192.168.1.120:8080/dvlee/vr1.mp4",
            "pic": "/sdcard/CustomLauncher/pic/home_app_normal.png",
            "param1":"vr",
            "param2":"",
            "visible":true
        },
        {
            "id": 1,
            "name": "test2",
            "type": "video",
            "path": "http://192.168.1.120:8080/dvlee/vr1.mp4",
            "pic": "/sdcard/CustomLauncher/pic/home_app_normal.png",
            "param1":"vr",
            "param2":"",
            "visible":false
        },
        {
            "id": 2,
            "name": "test3",
            "type": "video",
            "path": "http://192.168.1.120:8080/dvlee/vr1.mp4",
            "pic": "/sdcard/CustomLauncher/pic/home_app_normal.png",
            "param1":"vr",
            "param2":"",
            "visible":true
        },
        {
            "id": 3,
            "name": "test4",
            "type": "video",
            "path": "",
            "pic": "/sdcard/CustomLauncher/pic/home_app_normal.png",
            "param1": "normal",
            "param2":"",
            "visible":false
        },
        {
            "id": 4,
            "name": "test4",
            "type": "app",
            "path": "/sdcard/CustomLauncher/apk/a.apk",
            "pic": "/sdcard/CustomLauncher/pic/home_app_normal.png",
            "param1": "com.coocaa.test2",
            "param2":"",
            "visible":false
        },
        {
            "id": 5,
            "name": "test5",
            "type": "video",
            "path": "/sdcard/CustomLauncher/video/a.mp3", 
            "pic": "/sdcard/CustomLauncher/pic/home_app_normal.png",
            "param1": "vr",
            "param2":"",
            "visible":false
        },
        {
            "id": 6,
            "name": "test6",
            "type": "video",
            "path": "/sdcard/CustomLauncher/video/a.mp4",
            "pic": "/sdcard/CustomLauncher/pic/home_app_normal.png",
            "param1": "normal",
            "param2":"",
            "visible":false
        },
        {
            "id": 7,
            "name": "test7",
            "type": "video",
            "path": "/sdcard/CustomLauncher/video/a.mp3", 
            "pic": "/sdcard/CustomLauncher/pic/home_app_normal.png",
            "param1": "vr",
            "param2":"",
            "visible":false
        },
        {
            "id": 8,
            "name": "test8",
            "type": "video",
            "path": "/sdcard/CustomLauncher/video/a.mp4",
            "pic": "/sdcard/CustomLauncher/pic/home_app_normal.png",
            "param1": "normal",
            "param2":"",
            "visible":true
        }
    ]
}